group,k-mer,p-value,log2 fold change
enriched in control,QNTM,0.03817397778493135,4.184331027728263
enriched in control,KIEN,0.046789342283120074,0.5605125911900828
enriched in control,IRVK,8.408459047192335e-05,1.4242818204490142
enriched in control,PHDW,0.03817397778493135,4.184331027728263
enriched in control,FFEG,0.02236710261875437,1.1063285157269895
enriched in control,HVFF,0.0025429834322109944,4.769293528449417
enriched in control,NVWT,0.03817397778493135,4.184331027728263
enriched in control,FVEY,7.885164222051086e-05,2.0603423104528105
enriched in control,SYNL,0.035995189679947436,0.809160911563918
enriched in control,LMFF,0.03329048674409877,1.5028605461537587
enriched in control,FTSQ,0.044510885755065,0.7320062955852258
enriched in control,CAQP,0.03817397778493135,4.184331027728263
enriched in control,PGLS,0.016636861883212745,0.597541173956099
enriched in control,AHWN,0.04527261695972063,1.5786099668403075
enriched in control,SDMI,0.022874025993489387,1.932792260732299
enriched in control,YLAF,0.0025429834322109944,0.8624029328409009
enriched in control,PIYH,0.043519968252544616,1.901931297027538
enriched in control,VRSF,0.0002623110579644608,1.0504752809934708
enriched in control,VNQP,0.04041324378319762,2.6172904350043673
enriched in control,CGSY,0.03329048674409877,1.5028605461537587
enriched in control,QDGG,0.02236710261875437,0.9104972210419433
enriched in control,YITI,0.003975657536218689,1.7931402704037858
enriched in control,WFWE,0.029744351083676842,4.254720355619661
enriched in control,FAHS,0.008120213088928265,1.7628672592899832
enriched in control,VFWS,0.043681152812250136,1.3098619098121205
enriched in control,MSTK,0.029022732320165147,0.6213948333371029
enriched in control,FDFA,0.047108259027056475,1.0238663555350165
enriched in control,FLLC,0.0032705985671059525,2.0323279342832095
enriched in control,YSVA,8.500602362844655e-05,0.9628631146201094
enriched in control,TRQW,0.04950251340440104,4.110330446284486
enriched in control,KMIM,0.03817397778493135,4.184331027728263
enriched in control,LIYC,0.03250693068640522,1.2367984476223945
enriched in control,EWYF,1.1433050916111017e-05,2.758567121856359
enriched in control,MEQY,0.029156095896633136,1.5628426509819917
enriched in control,YLWE,0.04950251340440104,4.110330446284486
enriched in control,MSIK,0.008162259142091673,2.376976105670657
enriched in control,SEQT,0.024711198978775883,0.6033984040432578
enriched in control,SADH,0.02866894543115974,1.2572625501821122
enriched in control,HNQN,0.03817397778493135,1.6096368624609312
enriched in control,WLSD,0.01546145981971384,1.1682113623649855
enriched in control,AYWN,0.029744351083676842,4.254720355619661
enriched in control,DPHV,0.0025429834322109944,4.769293528449417
enriched in control,PNLI,0.012837350976435093,1.3218345514781973
enriched in control,DLWR,0.0019083455116685024,3.94986577409124
enriched in control,AMMP,0.04426470931263617,1.110330446284486
enriched in control,MIMD,0.03817397778493135,4.184331027728263
enriched in control,GINN,0.04111048653179982,0.6803426055396713
enriched in control,HDLN,0.023752784744255087,4.321834551478197
enriched in control,HTHH,0.04950251340440104,4.110330446284486
enriched in control,WHHF,0.03817397778493135,2.9212966218944665
enriched in control,IGGS,0.002925236238322605,0.5559759314937232
enriched in control,MNAN,0.03817397778493135,1.6096368624609312
enriched in control,FEGI,0.020608121419242037,0.731508865989948
enriched in control,DWNT,0.022874025993489387,2.2249730122256075
enriched in control,HTQG,0.029744351083676842,2.977880150260834
enriched in control,WTDA,0.006862280704665449,3.7203839279684736
enriched in control,GNSQ,0.03817397778493135,0.5971642560803758
enriched in control,QCDK,0.029156095896633136,2.07185629846985
enriched in control,RGWA,0.020608121419242037,2.769293528449417
enriched in control,QFTL,0.0050874467404640735,1.2623335397295357
enriched in control,LWLF,0.044078045342817784,3.3218345514781973
enriched in control,SFKM,0.005081851326778215,2.447365433562055
enriched in control,YLQV,0.006826322247247222,2.017681158318812
enriched in control,MPYT,0.04566665413459961,1.2547203556196571
enriched in control,CDPR,0.0022103885150316894,3.447365433562055
enriched in control,KHMV,0.029744351083676842,4.254720355619661
enriched in control,FKNM,0.001462143170082062,2.609636862460931
enriched in control,NGGP,3.6879552553596205e-05,2.58486895731199
enriched in control,LLTM,0.006654554781995027,0.7595545252491469
enriched in control,SGYY,0.03934879918370526,0.6618091017830103
enriched in control,GGNY,0.03851312906302355,0.6982835530797935
enriched in control,YMNV,0.000296418949456688,4.184331027728263
enriched in control,MIRW,0.0004012247558369979,5.032327934283213
enriched in control,EAMY,0.03322038999843658,1.7368720507570394
enriched in control,DHSH,0.04828354866617319,1.1176599880829734
enriched in control,FYTS,0.00044082059068949436,2.0429751784827204
enriched in control,VHGM,0.04426470931263617,1.110330446284486
enriched in control,YNFF,0.0008000567153465936,3.2547203556196607
enriched in control,TFGN,0.014403920015707545,1.9999064565908355
enriched in control,MAIC,0.001655821667830924,3.4868937977486922
enriched in control,EWSY,0.005293753162980369,2.9916859497858646
enriched in control,GGFR,0.048514234700819704,1.2063573340582572
enriched in control,DGHT,0.012609203849076185,0.9295171286994339
enriched in control,SPFT,0.03817397778493135,0.9178980454326009
enriched in control,WNV,0.021664966657880286,0.5357213079829037
enriched in control,GSMT,0.04950251340440104,0.7679382488374067
enriched in control,YSYD,0.007057314872518048,0.8453294194819598
enriched in control,LRWV,0.022874025993489387,1.932792260732299
enriched in control,WDND,0.0008000567153465936,3.2547203556196607
enriched in control,EWQA,0.0029538476210614144,1.7368720507570394
enriched in control,NRPE,0.00603302405369251,0.999906456590832
enriched in control,GGWF,0.03742330221535096,1.0906719205140156
enriched in control,LRLC,0.009444628293803,0.9030449173382458
enriched in control,HTHA,0.02836273115197429,3.447365433562055
enriched in control,KIHT,0.02836273115197429,3.447365433562055
enriched in control,NETP,0.03401566655617418,0.9481328068667843
enriched in control,PCLM,0.014145340442025785,2.447365433562055
enriched in control,PYST,0.029156095896633136,0.802696686716633
enriched in control,FSMG,0.014145340442025785,2.447365433562055
enriched in control,YNDN,0.00033445863743696713,1.5045093406656633
enriched in control,YTRA,0.0414841278056992,0.6963929814019707
enriched in control,IKFE,0.03405207347887868,2.447365433562055
enriched in control,SVHV,0.03401566655617418,1.194246496593344
enriched in control,HIRN,0.008573143583975193,2.0640367940105513
enriched in control,DGGS,0.014145340442025785,0.8024603923846172
enriched in control,LVFW,0.04950251340440104,1.0847953541773485
enriched in control,VQGV,0.03817397778493135,0.8750029696205317
enriched in control,HTWG,0.029744351083676842,4.254720355619661
enriched in control,SVMT,0.0030809222956216064,0.984393457219511
enriched in control,WMP,0.01861262126712795,0.7119113063134499
enriched in control,STPD,0.01870111199457865,1.2838667012791767
enriched in control,EQNW,0.03817397778493135,4.184331027728263
enriched in control,KNVW,0.03817397778493135,4.184331027728263
enriched in control,HDWV,0.03817397778493135,4.184331027728263
enriched in control,AWFW,0.029744351083676842,4.254720355619661
enriched in control,NHNS,0.029156095896633136,1.9778801502608374
enriched in control,ALEH,0.007290973363845579,0.821760948343556
enriched in control,KPKF,0.008550320299938905,2.151909550035885
enriched in control,DASY,0.020608121419242037,0.656399472043482
enriched in control,DQWT,0.029744351083676842,4.254720355619661
enriched in control,IHKI,0.0009684000776575222,2.3218345514781973
enriched in control,GLAF,0.0011127319748862304,0.6081616454651098
enriched in control,TRHE,0.03742330221535096,1.2629408624246246
enriched in control,AISW,0.021664966657880286,1.6989042005580188
enriched in control,MERQ,0.04950251340440104,4.110330446284486
enriched in control,IKVY,0.02180011167328822,1.4029713142036044
enriched in control,MPIL,0.04696968450838503,0.6302294907118657
enriched in control,GFTP,0.03601878627660823,0.6564610322850442
enriched in control,NTLQ,0.04013258709269848,0.807540997806381
enriched in control,GHTW,0.029744351083676842,4.254720355619661
enriched in control,SYWF,0.03817397778493135,4.184331027728263
enriched in control,LEWY,0.00844431826651086,2.2547203556196607
enriched in control,QHSY,0.03601878627660823,2.032327934283213
enriched in control,VHKT,0.020608121419242037,2.769293528449417
enriched in control,YCGQ,0.04950251340440104,4.110330446284486
enriched in control,IIAW,0.027313418982479444,1.3802512377035185
enriched in control,IKFI,0.0037945672212269183,2.4813127654853915
enriched in control,TFNL,0.00603302405369251,0.8303417236086013
enriched in control,NNYV,0.005081851326778215,1.364903273370082
enriched in control,SYWV,0.012665659956289722,3.6172904350043673
enriched in control,MGFV,0.020644763018280218,1.6559520553734721
enriched in control,NQCS,0.014296421553824046,2.1843310277282626
enriched in control,IQVR,0.029744351083676842,4.254720355619661
enriched in control,HGDN,0.028736963348834594,1.5298275937540282
enriched in control,WEMG,0.029744351083676842,4.254720355619661
enriched in control,NHTW,0.016477297107448236,3.5628426509819917
enriched in control,HSAY,0.022936593981489114,2.110330446284486
enriched in control,DDWN,0.03742330221535096,1.3337086517664893
enriched in control,ECKI,0.04950251340440104,4.110330446284486
enriched in control,AMHL,0.01870111199457865,3.084795354177345
enriched in control,NIDG,0.04496634527070109,0.5819075569408838
enriched in control,HADT,0.043681152812250136,1.5404748379535356
enriched in control,ILRW,0.006826322247247222,2.94986577409124
enriched in control,KPRM,0.029022732320165147,2.3218345514781937
enriched in control,SVWM,0.03817397778493135,1.277440432119743
enriched in control,KGMN,0.007832753945368667,2.525367945563328
enriched in control,LKPP,0.03817397778493135,4.184331027728263
enriched in control,KMHW,0.023752784744255087,4.321834551478197
enriched in control,SLCL,0.013942336230426249,0.9586182481002012
enriched in control,KWKS,0.003197865540783455,2.1843310277282626
enriched in control,YSDF,0.029156095896633136,0.7241235580150516
enriched in control,EFCR,0.01870111199457865,2.0500299360166707
enriched in control,NTIS,0.001462143170082062,0.7812661701154937
enriched in control,AKWH,0.04633111305620894,1.0500299360166707
enriched in control,TTDW,0.008902442589305618,1.4681239937288524
enriched in control,GYPL,0.02433685445110735,0.9404054448421704
enriched in control,RWQP,0.03817397778493135,4.184331027728263
enriched in control,MKVK,0.002723855092845488,1.4149439558696777
enriched in control,WHNI,0.03817397778493135,4.184331027728263
enriched in control,LPWR,0.008550320299938905,2.151909550035885
enriched in control,TFKY,0.03742330221535096,1.2629408624246246
enriched in control,NPSD,0.021592897246209313,0.9693181367574084
enriched in control,QYIF,0.029744351083676842,4.254720355619661
enriched in control,FNRP,0.0025908031856434065,2.862402932840901
enriched in control,FRLD,0.03601878627660823,0.8747866572967311
enriched in control,HCSS,0.010140630168381447,2.4868937977486922
enriched in control,EPDN,0.03817397778493135,0.9341936159089101
enriched in control,MVVM,0.04119290801323454,1.7605233188216864
enriched in control,HLIM,0.03579432091204846,1.940405444842174
enriched in control,SDWN,0.00905144604859158,3.669757854898503
enriched in control,ASDW,0.00033445863743696713,2.012150052345582
enriched in control,MDTY,0.029156095896633136,2.07185629846985
enriched in control,TMHH,0.03817397778493135,4.184331027728263
enriched in control,YQHT,0.04950251340440104,4.110330446284486
enriched in control,WEKG,0.0022103885150316894,2.157858816367071
enriched in control,VHCI,0.029156095896633136,2.184331027728259
enriched in control,VDGW,2.6144463731475365e-06,4.1103304462844825
enriched in control,YIGY,0.014296421553824046,2.1843310277282626
enriched in control,FSWF,0.0024501936773235716,2.5469011071129692
enriched in control,PVDV,0.020608121419242037,0.5974689940916242
enriched in control,ASTI,0.013439669409449724,0.601137619860161
enriched in control,EQGW,0.011455898355649904,1.9575601658812403
enriched in control,MKHL,0.020608121419242037,2.769293528449417
enriched in control,QTME,0.01870111199457865,3.084795354177345
enriched in control,AMYS,0.02405745659858883,3.0323279342832095
enriched in control,LGPI,0.006826322247247222,0.8222138427252013
enriched in control,GYDT,0.00986271010993163,1.0171255276395392
enriched in control,NWYF,0.044078045342817784,3.3218345514781973
enriched in control,DFRP,0.0027363799469537578,1.6400105115044532
enriched in control,VPHG,0.03401566655617418,1.194246496593344
enriched in control,TMIG,0.03934879918370526,0.8503301005403223
enriched in control,DFSW,0.005266008997933287,1.813493332359954
enriched in control,YNVN,0.0005918081326423774,2.208177769682628
enriched in control,LSVT,0.0025220831135048505,0.5250996120666187
enriched in control,EHKI,0.03063914419581782,0.6604441037588735
enriched in control,QWHT,0.029744351083676842,4.254720355619661
enriched in control,GWEA,0.016931131466826004,2.58486895731199
enriched in control,ISIM,0.005610083681334801,0.8895390627784145
enriched in control,VKTE,0.031117040527693256,0.5245332940845167
enriched in control,MCDF,0.0008000567153465936,4.94986577409124
enriched in control,TITG,0.012277396977591636,0.6028830111833408
enriched in control,QSGY,0.044510885755065,0.7320062955852258
enriched in control,LEFN,0.04950251340440104,0.7600412152112206
enriched in control,PFAT,0.014296421553824046,2.1843310277282626
enriched in control,PCAD,0.0029538476210614144,3.862402932840901
enriched in control,GIWN,1.732285831257861e-05,3.347829760011141
enriched in control,PWDE,0.007832753945368667,2.525367945563328
enriched in control,SVHP,0.04950251340440104,1.2695783143467736
enriched in control,IWGL,0.0019398914882911488,2.5786099668403075
enriched in control,SCDT,0.032405267656271566,2.669757854898503
enriched in control,VGAY,0.02433685445110735,0.6161198912964316
enriched in control,WFVP,0.028869851830008068,1.8292360689057006
enriched in control,TGTW,0.008120213088928265,1.7628672592899832
enriched in control,NSDA,0.006028043979275881,0.6523677180244327
enriched in control,RVKM,0.04950251340440104,4.110330446284486
enriched in control,FLNE,0.004742148018886253,1.0084811923288441
enriched in control,QVEP,0.03470791655716612,1.3984558330811119
enriched in control,WNNK,0.03524885672996589,3.385964888897913
enriched in control,VFEH,0.00042634173053843335,1.5062591226156243
enriched in control,QRMY,0.0029538476210614144,3.07185629846985
enriched in control,WFSN,0.006459346582146304,2.4126000154013774
enriched in control,FRKS,0.029744351083676842,2.977880150260834
enriched in control,MKDG,0.03817397778493135,0.7992091063537039
enriched in control,NDYS,0.020608121419242037,1.046827503978328
enriched in control,LQRI,0.02236710261875437,0.6317900046994822
enriched in control,NCKT,0.029156095896633136,1.8980268425716211
enriched in control,EPVD,0.0020899146420729968,0.7884023513971208
enriched in control,NRKR,0.043681152812250136,2.099442130141746
enriched in control,WHTQ,0.029744351083676842,4.254720355619661
enriched in control,GIWG,0.04527261695972063,1.4203983859617857
enriched in control,PTPA,0.043681152812250136,1.5404748379535356
enriched in control,TFTW,0.04777190854025506,1.6213948333371029
enriched in control,VHHN,0.03817397778493135,4.184331027728263
enriched in control,NTQD,0.003008279668661426,1.383940053420421
enriched in control,ISWP,0.043681152812250136,2.099442130141746
enriched in control,WVDY,0.002154250073444793,2.898026842571621
enriched in control,PYPQ,0.022874025993489387,2.2249730122256075
enriched in control,TDYW,0.04527261695972063,1.5786099668403075
enriched in control,CRHD,0.04950251340440104,4.110330446284486
enriched in control,WHGI,0.015184886609177516,1.6078301057553013
enriched in control,DNAS,0.007163035516794434,0.8624029328409009
enriched in control,FPSG,0.027461643453352842,1.306009584316513
enriched in control,FQTQ,0.009941897520825168,4.506259122615624
enriched in control,PDDI,7.541226110724209e-06,0.6632802908272986
enriched in control,PEWV,0.0010932793722822863,3.219954937458983
enriched in control,QSRP,0.03524885672996589,2.277440432119743
enriched in control,SSQW,0.04527261695972063,1.5786099668403075
enriched in control,WSDF,0.003509171239442668,3.364903273370082
enriched in control,NRYK,0.025147454906684095,1.3612087898123413
enriched in control,FSSN,0.020608121419242037,0.7150612167657115
enriched in control,LWED,0.04950251340440104,4.110330446284486
enriched in control,DAMH,0.043519968252544616,1.901931297027538
enriched in control,PVVW,0.004414596766161765,2.7884023513971243
enriched in control,LFYN,0.009781410853347309,1.1921083783199826
enriched in control,PDFS,0.02566494796522363,0.8624029328408973
enriched in control,AVHW,0.03817397778493135,2.9212966218944665
enriched in control,DITT,0.0009604029114018343,0.9948532288645495
enriched in control,LQLT,0.011468595933162117,0.6450461014017499
enriched in control,VKSW,0.00610205768971587,2.5628426509819917
enriched in control,QLFP,0.03817397778493135,1.1649657028613305
enriched in control,TMPQ,0.04950251340440104,4.110330446284486
enriched in control,FRYE,5.8392412953044745e-05,2.1843310277282626
enriched in control,TNWN,0.0019398914882911488,3.1478051517031496
enriched in control,NNIG,0.005710515653417912,1.138734161288152
enriched in control,MKRY,0.007832753945368667,2.525367945563328
enriched in control,NYEQ,0.01870111199457865,1.9667395926556352
enriched in control,MYVN,0.0027610934790729667,2.669757854898503
enriched in control,EPND,0.0025429834322109944,4.769293528449417
enriched in control,NWIF,0.029744351083676842,4.254720355619661
enriched in control,FLSI,0.00371622196018058,1.0019542852396945
enriched in control,QATY,0.004791171730906958,2.5993685270071047
enriched in control,RSYL,0.02580700696685666,0.7516994684346798
enriched in control,YNWR,0.005736170877183002,1.3948980136679197
enriched in control,SLFY,0.0025429834322109944,1.3330327580830605
enriched in control,YSRN,0.014296421553824046,4.447365433562055
enriched in control,HKEN,0.030457883002917484,1.2846359335239441
enriched in control,QETW,0.043681152812250136,2.099442130141746
enriched in control,VNEP,0.0013644495299744582,0.8555816669848859
enriched in control,NHYP,0.022874025993489387,1.55629980511522
enriched in control,TGKW,0.0006753365775133295,2.5628426509819917
enriched in control,IVHH,0.03817397778493135,4.184331027728263
enriched in control,QLNY,0.04950251340440104,0.6697578548985028
enriched in control,MMSE,0.007832753945368667,2.525367945563328
enriched in control,FGIW,0.00033445863743696713,1.8099355129467654
enriched in control,RNIM,0.014145340442025785,2.447365433562055
enriched in control,HSGP,0.021664966657880286,2.540474837953539
enriched in control,HANT,0.014070137927493408,1.3363341211733122
enriched in control,EPGY,0.003964884244822134,2.3542560291705747
enriched in control,NSAW,0.03269057412336278,1.376976105670657
enriched in control,WNQT,0.044078045342817784,3.3218345514781973
enriched in control,DGQN,0.04455453131434265,1.19497827192777
enriched in control,NEIQ,0.009781410853347309,1.128296992813933
enriched in control,SEPY,0.01757213285545779,1.27120847840823
enriched in control,IWPC,0.029744351083676842,4.254720355619661
enriched in control,AFWF,0.044078045342817784,3.3218345514781973
enriched in control,QWTT,0.029744351083676842,4.254720355619661
enriched in control,YDDT,0.00905144604859158,3.669757854898503
enriched in control,AYLS,0.029744351083676842,0.5744773514653971
enriched in control,SRFY,0.006826322247247222,2.017681158318812
enriched in control,NHSK,0.00033445863743696713,3.095063689631175
enriched in control,IAYN,0.002723855092845488,1.1374099803407667
enriched in control,KYFL,0.040560194630593245,1.3733648521182786
enriched in control,NYDN,0.01870111199457865,2.1478051517031496
enriched in control,AYTK,0.027383126722742675,0.7647062589537654
enriched in control,NTNS,0.00512049173120694,0.737955561916408
enriched in control,DWDW,0.04119290801323454,1.7605233188216864
enriched in control,KTTQ,0.02433685445110735,0.7219217092910704
enriched in control,KQEW,0.03817397778493135,4.184331027728263
enriched in control,MKYT,0.03212316408593853,1.6855251707568186
enriched in control,SAQY,0.045242387658862855,0.6575831409524007
enriched in control,KFKY,0.04950251340440104,1.6697578548985028
enriched in control,GIWP,0.029744351083676842,4.254720355619661
enriched in control,GHNR,0.04251414705943734,1.8258770568157878
enriched in control,MQWS,0.029744351083676842,4.254720355619661
enriched in control,WGEV,0.029156095896633136,1.2138753033422773
enriched in control,MYSY,0.03817397778493135,4.184331027728263
enriched in control,IFIM,0.0008000567153465936,4.94986577409124
enriched in control,DLVR,0.011688710835454669,0.7062837309236158
enriched in control,LWKN,0.007832753945368667,2.525367945563328
enriched in control,GRTS,0.042273091438616676,0.5462804596347439
enriched in control,NWGH,0.03817397778493135,4.184331027728263
enriched in control,ITSM,0.01757213285545779,1.27120847840823
enriched in control,IAGY,0.03922130943068314,0.5993685270071047
enriched in control,TATW,0.009644740068071745,1.6575831409524007
enriched in control,NDYW,0.03524885672996589,3.385964888897913
enriched in control,GPSS,6.379760299840487e-05,1.3832350961423394
enriched in control,WSNY,0.03817397778493135,4.184331027728263
enriched in control,NSYG,0.022501579435888493,0.8320292837973824
enriched in control,WIPG,0.03817397778493135,2.9212966218944665
enriched in control,YVNA,0.040609507734406615,0.7274733527547923
enriched in control,DDKK,0.043681152812250136,0.5427849986407374
enriched in control,QRHW,0.04950251340440104,4.110330446284486
enriched in control,NGGI,0.02619960009830885,0.5575483513124802
enriched in control,YEDY,0.001483725421051008,1.533780185379527
enriched in control,MVTS,0.04555278411758124,0.6995524571588589
enriched in control,YGPA,0.031546299415424826,1.1843310277282626
enriched in control,DTAN,0.025044835791703936,0.7455892678581506
enriched in control,TNMC,0.02836273115197429,3.447365433562055
enriched in control,YWM,0.007704683063966122,0.8451249414090647
enriched in control,PDVQ,0.006826322247247222,1.376976105670657
enriched in control,FGWF,0.020608121419242037,2.769293528449417
enriched in control,PPSP,0.01870111199457865,2.0500299360166707
enriched in control,VPRQ,0.022476850812071222,1.1755608181005286
enriched in control,QYSY,0.00028269465310573643,3.703705186821839
enriched in control,MVEW,0.03817397778493135,4.184331027728263
enriched in control,NDDL,0.03817397778493135,0.5556183242140804
enriched in control,YNPA,0.001483725421051008,4.862402932840901
enriched in control,MDLL,5.0660368738716474e-05,1.1638669251685485
enriched in control,FMST,0.03817397778493135,1.35272855942398
enriched in control,QWMI,0.043681152812250136,2.231636742506616
enriched in control,SHNY,0.002230500997930675,1.9619386063918114
enriched in control,ESIY,0.02836273115197429,0.7311583995626485
enriched in control,TYVD,0.00014910613658372464,1.6337785577929367
enriched in control,STNW,0.006862280704665449,3.7203839279684736
enriched in control,TRQD,0.029156095896633136,2.07185629846985
enriched in control,DRFC,0.029744351083676842,4.254720355619661
enriched in control,WEDG,0.00844431826651086,2.2547203556196607
enriched in control,TQYI,0.00033445863743696713,3.669757854898503
enriched in control,HTWI,0.016477297107448236,3.5628426509819917
enriched in control,EIPI,0.016261440163604434,1.2592930854094817
enriched in control,NQDP,0.0003204723380013325,3.3542560291705747
enriched in control,VCWN,0.032405267656271566,2.669757854898503
enriched in control,KEFV,0.041093438185698015,0.9189864612072647
enriched in control,DKHD,0.043681152812250136,1.0199442098273792
enriched in control,GEYE,0.0016328884457701125,2.932792260732299
enriched in control,DQNI,0.03909094286109415,1.1743469391556403
enriched in control,YERY,0.04041324378319762,2.6172904350043673
enriched in control,MIPP,0.043681152812250136,2.231636742506616
enriched in control,VMGF,0.014296421553824046,2.1843310277282626
enriched in control,QSVC,0.03817397778493135,4.184331027728263
enriched in control,MHDD,0.04950251340440104,4.110330446284486
enriched in control,YALG,0.00603302405369251,0.7959755711019234
enriched in control,ETWK,0.029156095896633136,2.07185629846985
enriched in control,WLRR,0.03742330221535096,1.0906719205140156
enriched in control,FSRN,0.019907495686867203,0.7911442496710777
enriched in control,AHRW,0.04950251340440104,4.110330446284486
enriched in control,WWLP,0.04950251340440104,4.110330446284486
enriched in control,VIYP,0.04777190854025506,1.6213948333371029
enriched in control,WSVT,0.0029538476210614144,1.544226972814645
enriched in control,MLWD,0.029744351083676842,4.254720355619661
enriched in control,VMFI,0.03683782678478527,1.2047951302879767
enriched in control,YGDL,0.029156095896633136,0.7428213170882287
enriched in control,QITI,0.0016453260488088956,1.1024540206738536
enriched in control,WISY,0.005081851326778215,2.447365433562055
enriched in control,RTNM,0.029156095896633136,2.184331027728259
enriched in control,HINV,0.04769274215289714,0.9999064565908355
enriched in control,VNMW,0.03817397778493135,4.184331027728263
enriched in control,STNE,0.018588987112755587,0.7450459822027398
enriched in control,KSYN,0.03742330221535096,0.8287198065846084
enriched in control,MLRL,0.04013258709269848,0.807540997806381
enriched in control,YHDS,0.0013807282547364037,1.9555123372323813
enriched in control,TMLP,0.016636861883212745,1.1760634117446607
enriched in control,IVCI,0.039953611865154635,1.7037051868218391
enriched in control,TYAG,0.04950251340440104,0.6279376792038747
enriched in control,NQWN,0.03405207347887868,2.447365433562055
enriched in control,NYTA,0.043681152812250136,1.0199442098273792
enriched in control,HNTV,0.044078045342817784,3.3218345514781973
enriched in control,IQFD,0.03817397778493135,1.4473654335620552
enriched in control,WDNA,0.006459346582146304,2.4126000154013774
enriched in control,NQLT,0.006645062974098076,0.5993685270071047
enriched in control,YEFP,0.0037945672212269183,2.4813127654853915
enriched in control,HLYL,0.01586450680925784,1.2103262362612064
enriched in control,SENQ,0.03719525970753036,1.4218303414549176
enriched in control,IMTY,0.04251414705943734,2.398455833081112
enriched in control,YINL,0.008120213088928265,1.1425108520336344
enriched in control,KTFT,0.028207504983513605,0.6607690716712469
enriched in control,IYHH,0.03817397778493135,4.184331027728263
enriched in control,DNNY,0.00298210112865399,1.2043225029157263
enriched in control,EPRE,0.03817397778493135,4.184331027728263
enriched in control,AYKH,0.027461643453352842,1.306009584316513
enriched in control,DNTM,0.04950251340440104,2.8624029328408973
enriched in control,IDGY,0.030559655768032525,0.6836970458563769
enriched in control,HQYK,0.018990748127847835,1.5822950136481637
enriched in control,ICST,0.009941897520825168,4.506259122615624
enriched in control,SNGW,0.0025908031856434065,1.839682856340815
enriched in control,EMNR,0.04566665413459961,1.2547203556196571
enriched in control,PSSH,0.0020671341077008795,2.447365433562055
enriched in control,WSHK,0.04950251340440104,4.110330446284486
enriched in control,SYGM,0.03279376507247112,1.2998082451481956
enriched in control,NIFW,0.04251414705943734,1.8258770568157878
enriched in control,QPKW,0.04950251340440104,4.110330446284486
enriched in control,PYGN,0.020618843264055452,1.2022529357255252
enriched in control,SRPP,0.03742330221535096,1.3337086517664893
enriched in control,HRWV,0.04950251340440104,4.110330446284486
enriched in control,HDEI,0.001848619796865875,1.3624765359755422
enriched in control,EMQW,0.03407527976966974,1.7952887369823642
enriched in control,EMNA,0.042200586200067364,1.184331027728259
enriched in control,GQQP,0.043519968252544616,1.2409145560946264
enriched in control,TSQQ,0.0029538476210614144,0.9700436560288708
enriched in control,SRNM,0.040560194630593245,1.3733648521182786
enriched in control,AESS,0.03817397778493135,0.5507757586435815
enriched in control,TNSH,0.043681152812250136,1.9916859497858646
enriched in control,TDPD,9.282387992345914e-09,0.8293741324534274
enriched in control,MGKG,0.04650210454673126,0.7692935284494204
enriched in control,TLQL,0.022914429726664857,0.5496154918100089
enriched in control,KGHG,0.017260643772858936,1.2199549374589829
enriched in control,FIMW,0.04041324378319762,2.6172904350043673
enriched in control,RAAC,0.03817397778493135,4.184331027728263
enriched in control,WEDL,0.04950251340440104,4.110330446284486
enriched in control,DHIF,0.005081851326778215,1.729136401977435
enriched in control,TYWM,0.014145340442025785,2.447365433562055
enriched in control,HRYK,0.044078045342817784,3.3218345514781973
enriched in control,YFYQ,0.006826322247247222,2.94986577409124
enriched in control,TPLQ,0.019841411050353027,0.9843934572195074
enriched in control,LIFP,0.0029538476210614144,3.07185629846985
enriched in control,TDTE,0.014296421553824046,1.160744207410648
enriched in control,SAYT,0.03601878627660823,1.032327934283213
enriched in control,NQAY,0.02767744816885793,1.1578588163670709
enriched in control,GQDE,2.7584099431979007e-06,3.277440432119743
enriched in control,TKIK,0.03817397778493135,0.6108641658449336
enriched in control,GYID,0.02989252882271159,0.5760987476842594
enriched in control,YSYE,0.03279376507247112,0.7086935174454432
enriched in control,DNNL,0.007163035516794434,0.7279527330685163
enriched in control,ETTA,0.017049220936058446,0.7463058679180286
enriched in control,QAWE,0.04950251340440104,1.6697578548985028
enriched in control,PRVW,0.012149859178670203,2.862402932840901
enriched in control,DTVR,0.04426470931263617,0.6444979024967665
enriched in control,FSHQ,0.029744351083676842,4.254720355619661
enriched in control,MWLL,0.029744351083676842,4.254720355619661
enriched in control,TITW,0.004243647810572369,2.1551846820687466
enriched in control,GATQ,0.014752355846854425,0.809291596381339
enriched in control,LTME,0.008162259142091673,2.376976105670657
enriched in control,GYRY,0.03817397778493135,4.184331027728263
enriched in control,QKVS,0.022476850812071222,1.1755608181005286
enriched in control,QQDG,0.004742148018886253,3.3218345514781937
enriched in control,IHHA,0.044078045342817784,0.9555123372323813
enriched in control,FFSS,0.04464077184726053,0.5488106971215991
enriched in control,CSTY,0.014296421553824046,2.1843310277282626
enriched in control,GFRY,2.7584099431979007e-06,1.5304211732896142
enriched in control,AEDE,0.007878546909007965,0.731158399562645
enriched in control,YGIH,0.03524885672996589,3.385964888897913
enriched in control,HQKP,0.03524885672996589,3.385964888897913
enriched in control,TLRS,0.021664966657880286,0.6515061503422785
enriched in control,VNYK,0.01861262126712795,4.385964888897913
enriched in control,WMY,0.003915525648192704,1.0191284365283515
enriched in control,VTNW,0.004749492073190268,1.3511501183027512
enriched in control,YWMP,0.0022103885150316894,3.447365433562055
enriched in control,CVPT,0.01870111199457865,2.0500299360166707
enriched in control,GQIW,0.022125942407781735,1.5253679455633282
enriched in control,RSFL,0.008885790669088628,0.6667678122926901
enriched in control,SDQY,0.000940443461853575,2.4203983859617857
enriched in control,HYMY,0.03817397778493135,4.184331027728263
enriched in control,SWWL,0.04950251340440104,4.110330446284486
enriched in control,LSWN,0.04041324378319762,2.6172904350043673
enriched in control,MKFK,0.0024501936773235716,3.9067970521993516
enriched in control,DPAV,0.005453583296532636,0.7325654951983154
enriched in control,YSTR,0.0042844073696052,2.075396656175098
enriched in control,TGCM,0.00905144604859158,3.669757854898503
enriched in control,SYSQ,0.030188595667023952,0.6697578548985028
enriched in control,YGHK,0.015601164012697684,2.816599243227774
enriched in control,MNIR,0.035995189679947436,2.1425108520336344
enriched in control,PTYD,0.03817397778493135,1.277440432119743
enriched in control,GFYE,0.0414841278056992,1.5062591226156243
enriched in control,INQG,0.006826322247247222,0.582828850857176
enriched in control,WVWG,0.029156095896633136,1.8980268425716211
enriched in control,QYKS,0.02866894543115974,1.2572625501821122
enriched in control,TYDI,0.014296421553824046,1.19255153453323
enriched in control,DPDD,1.773648186385523e-11,1.1079406908252096
enriched in control,QYRW,0.000296418949456688,4.184331027728263
enriched in control,PIFM,0.03523259378817991,1.5348282748123943
enriched in control,EWLN,0.043681152812250136,1.145336896112397
enriched in control,FRKH,0.03279376507247112,1.2998082451481956
enriched in control,KNWY,0.0025908031856434065,2.862402932840901
enriched in control,RYAT,0.0037945672212269183,2.4813127654853915
enriched in control,AFQH,0.029744351083676842,4.254720355619661
enriched in control,WVPG,0.03817397778493135,4.184331027728263
enriched in control,WSDT,0.03817397778493135,4.184331027728263
enriched in control,DESY,0.008550320299938905,0.7923932115931578
enriched in control,YLGM,0.043519968252544616,1.2409145560946264
enriched in control,MDQS,0.029744351083676842,4.254720355619661
enriched in control,NYWS,0.03817397778493135,4.184331027728263
enriched in control,MNFK,0.03405207347887868,2.447365433562055
enriched in control,MEFE,0.015601164012697684,2.816599243227774
enriched in control,WPCA,0.029744351083676842,4.254720355619661
enriched in control,GCIY,0.03934879918370526,1.4753798097316526
enriched in control,PDHY,0.001462143170082062,3.1843310277282626
enriched in control,WDRD,0.04041324378319762,2.6172904350043673
enriched in control,KYHS,0.02415004348347582,1.1843310277282626
enriched in control,EDPL,0.00610205768971587,1.0726206402312428
enriched in control,SFLK,0.029744351083676842,0.7225452692579388
enriched in control,GTSQ,0.0076182553718437745,0.7224726716964227
enriched in control,IHIL,0.02836273115197429,0.9970524595356807
enriched in control,SSNW,0.012665659956289722,3.6172904350043673
enriched in control,QIPM,0.043681152812250136,2.099442130141746
enriched in control,PDKL,0.020608121419242037,0.8065496981073821
enriched in control,CFSS,0.010577165551772238,3.184331027728259
enriched in control,FDVT,0.03279376507247112,0.6678304063273899
enriched in control,WGLM,0.03279376507247112,1.2998082451481956
enriched in control,FCRH,0.04950251340440104,4.110330446284486
enriched in control,TWVD,0.0037328183775548356,1.430087442130219
enriched in control,YFRK,0.029156095896633136,1.5628426509819917
enriched in control,SEFE,0.018990748127847835,0.8624029328408973
enriched in control,CIDK,0.005897190340209957,2.7499282035824884
enriched in control,DPIQ,0.04950251340440104,4.110330446284486
enriched in control,MSYL,0.007163035516794434,1.2316367425066197
enriched in control,NEGW,0.00610205768971587,3.277440432119743
enriched in control,WSLN,0.04950251340440104,4.110330446284486
enriched in control,NDPA,0.0414841278056992,0.6186368607118844
enriched in control,RMSY,0.03817397778493135,2.9212966218944665
enriched in control,RINV,0.044078045342817784,0.9555123372323813
enriched in control,LQSS,0.039576701464851635,0.7417214504184386
enriched in control,CLLR,0.0013744311798355633,2.769293528449417
enriched in control,ENHA,0.00844431826651086,2.2547203556196607
enriched in control,VCMA,0.005902374760918444,4.617290435004367
enriched in control,GHKG,0.0024501936773235716,1.1492840806290587
enriched in control,WYSE,0.015601164012697684,2.816599243227774
enriched in control,LRPI,0.029744351083676842,0.7622387709154665
enriched in control,NFQY,0.018588987112755587,2.2645013764122446
enriched in control,WNNY,0.003946351486264303,3.816599243227774
enriched in control,IFYR,0.03401566655617418,0.9660255639150535
enriched in control,TIMT,0.002335010724927179,1.2305540444889047
enriched in control,KRSM,0.043519968252544616,1.0452669899907114
enriched in control,SQFW,0.04041324378319762,2.6172904350043673
enriched in control,FQYS,0.00391415754605537,1.7522200150904759
enriched in control,VHKM,0.04950251340440104,2.8624029328408973
enriched in control,FSSF,0.029156095896633136,0.5364166213791854
enriched in control,GTFN,0.047644866844841594,0.6516358366240773
enriched in control,AINT,0.017851487150331028,0.6129514992800331
enriched in control,RHMN,0.03817397778493135,4.184331027728263
enriched in control,DWDV,0.006826322247247222,1.9498657740912364
enriched in control,QLVW,0.007832753945368667,2.525367945563328
enriched in control,IWSH,0.04950251340440104,4.110330446284486
enriched in control,NWRD,1.3028540220416388e-06,2.706752062380705
enriched in control,QFYI,0.014296421553824046,2.1843310277282626
enriched in control,TYYQ,0.01591652844330396,1.0570503636944437
enriched in control,WYFD,0.0025429834322109944,4.769293528449417
enriched in control,NYFW,0.029744351083676842,4.254720355619661
enriched in control,QYGH,0.02882198422981583,1.3218345514781937
enriched in control,QYMN,0.020608121419242037,1.471212175516424
enriched in control,RFQY,0.005081851326778215,2.447365433562055
enriched in control,NDGN,0.031235424595999827,0.9639409593029598
enriched in control,QWDA,0.03817397778493135,2.9212966218944665
enriched in control,TSIC,0.026825396263360127,2.7203839279684736
enriched in control,TSQT,0.019907495686867203,0.7911442496710777
enriched in control,PMTA,0.044078045342817784,0.93717070124287
enriched in control,KFKF,0.0016328884457701125,2.932792260732299
enriched in control,WFTL,0.04950251340440104,4.110330446284486
enriched in control,FNAA,0.005130815804919319,0.8989288088660139
enriched in control,EHNT,1.732285831257861e-05,3.347829760011141
enriched in control,QMIQ,0.02236710261875437,2.364903273370082
enriched in control,SWQP,0.022936593981489114,2.110330446284486
enriched in control,ECKL,0.043681152812250136,1.9916859497858646
enriched in control,SVNE,0.0013644495299744582,0.5308887891243366
enriched in control,HNEI,0.004414596766161765,2.7884023513971243
enriched in control,LQHE,0.04950251340440104,1.2695783143467736
enriched in control,YYVR,0.00844431826651086,2.2547203556196607
enriched in control,PRIM,0.02236710261875437,2.364903273370082
enriched in control,DMKL,0.03396169756113094,0.9852596806264344
enriched in control,HQIK,0.022874025993489387,1.932792260732299
enriched in control,FKEP,0.0008000567153465936,4.94986577409124
enriched in control,KDMR,0.043519968252544616,1.901931297027538
enriched in control,YFDA,0.007832753945368667,2.525367945563328
enriched in control,YTYN,3.6879552553596205e-05,3.2953623401170056
enriched in control,SLEW,0.029744351083676842,4.254720355619661
enriched in control,NVAY,5.8392412953044745e-05,1.364903273370082
enriched in control,LNTT,0.014680284099708073,0.8526219120483134
enriched in control,YAFH,0.044078045342817784,3.3218345514781973
enriched in control,EAPP,0.04950251340440104,4.110330446284486
enriched in control,PDTT,0.03817397778493135,0.951670270937985
enriched in control,FWTF,0.01870111199457865,3.084795354177345
enriched in control,GNVW,0.01856681007418804,0.9212966218944665
enriched in control,AYNW,3.5363697809986597e-06,3.7203839279684736
enriched in control,QFRY,0.029744351083676842,4.254720355619661
enriched in control,RVSF,0.03817397778493135,0.8505288325526053
enriched in control,DCDP,0.021664966657880286,2.540474837953539
enriched in control,VQDG,0.021664966657880286,1.1672575143693216
enriched in control,QNNW,0.029156095896633136,2.07185629846985
enriched in control,MFSD,0.03817397778493135,2.9212966218944665
enriched in control,NDDF,0.02836273115197429,0.6977722310681003
enriched in control,WHED,0.006459346582146304,2.4126000154013774
enriched in control,DRTR,0.029744351083676842,4.254720355619661
enriched in control,MRVD,0.0020712476213698506,1.2160398874556009
enriched in control,SSGY,0.0025220831135048505,0.8341138884094725
enriched in control,FFME,0.014145340442025785,2.447365433562055
enriched in control,WPAV,0.014403920015707545,2.0847953541773485
enriched in control,DWSD,0.03817397778493135,4.184331027728263
enriched in control,PSPF,0.01757213285545779,1.27120847840823
enriched in control,HSGH,0.02836273115197429,2.4946711483404123
enriched in control,TLRY,0.017851487150331028,0.6801996016201493
enriched in control,IKNV,0.02836273115197429,0.6439794137073953
enriched in control,FYVR,0.012665659956289722,1.388471744508486
enriched in control,FHGM,0.016477297107448236,3.5628426509819917
enriched in control,YSEQ,0.0300961745119094,0.7476327455948244
enriched in control,TGLY,0.03213635107253417,1.0792143219140478
enriched in control,LVTM,0.02236710261875437,0.9104972210419433
enriched in control,YSKG,0.03817397778493135,1.0126455684215117
enriched in control,EWDN,0.03817397778493135,4.184331027728263
enriched in control,RHWS,0.04950251340440104,4.110330446284486
enriched in control,MKMI,0.03817397778493135,4.184331027728263
enriched in control,IQHV,0.006826322247247222,2.94986577409124
enriched in control,LLMC,0.029022732320165147,2.3218345514781937
enriched in control,CNYI,0.023752784744255087,4.321834551478197
enriched in control,FGNV,0.014296421553824046,1.2898241565755768
enriched in control,NFYS,0.043681152812250136,1.5404748379535356
enriched in control,HNYV,0.03817397778493135,4.184331027728263
enriched in control,ANTQ,0.029744351083676842,0.5993685270071047
enriched in control,GAYY,0.00033445863743696713,1.5206144155926928
enriched in control,IDGF,0.022914429726664857,0.5496154918100089
enriched in control,GNYW,0.0001824800396011096,2.809935512946762
enriched in control,EQRG,0.01789132017959663,2.4067234490647067
enriched in control,SYGY,0.008573143583975193,1.9879338149247587
enriched in control,GARY,0.022958285617379143,0.8050697577749482
enriched in control,ASTN,0.005856492474292752,0.7614740239901181
enriched in control,DSIN,0.0008804963280209712,0.7084902493872178
enriched in control,CSEQ,0.006434274425713787,1.7450459822027398
enriched in control,QWM,0.00610205768971587,0.7129220341656755
enriched in control,DYHC,0.04950251340440104,4.110330446284486
enriched in control,YNNF,0.0020671341077008795,4.816599243227774
enriched in control,ESVN,0.00037154444021757834,0.7692935284494204
enriched in control,YNYV,0.03396169756113094,1.114790094475186
enriched in control,MKDM,0.029156095896633136,2.07185629846985
enriched in control,AWEN,0.01870111199457865,2.1478051517031496
enriched in control,DSPP,0.022874025993489387,1.932792260732299
enriched in control,ITIF,0.04519822746354287,0.6828535125101851
enriched in control,NNMS,0.0008050140135751328,2.669757854898503
enriched in control,SNWD,0.00270126298197242,3.4067234490647067
enriched in control,SIMG,0.0022725918565499026,1.4160012626527205
enriched in control,ASEM,0.04962908977898526,0.8759494646788468
enriched in control,HRYN,0.04950251340440104,4.110330446284486
enriched in control,YDVS,0.040609507734406615,0.7274733527547923
enriched in control,MGES,0.03212316408593853,0.7209305068880205
enriched in control,VMIQ,0.011244041653192198,1.5686717297841888
enriched in control,FYSY,0.029744351083676842,4.254720355619661
enriched in control,VTDP,3.401543922437957e-11,1.0555752152623548
enriched in control,DPMH,0.04950251340440104,4.110330446284486
enriched in control,TYFF,0.02674089041111948,1.6697578548985028
enriched in control,DSWW,0.04950251340440104,4.110330446284486
enriched in control,WKQA,0.0025908031856434065,2.862402932840901
enriched in control,YWRK,0.0013744311798355633,2.769293528449417
enriched in control,NTRT,0.04455453131434265,0.787301477600181
enriched in wcl,WLVH,0.029156095896633136,2.0120661850752413
enriched in wcl,ECDN,0.007806492660454959,2.4177049863518363
enriched in wcl,HKRS,0.038736601044534094,2.9449519892167046
enriched in wcl,FMTT,0.01563071272517059,3.5970286857963956
enriched in wcl,CYCK,0.02836273115197429,4.307522068601411
enriched in wcl,RNLN,0.04950251340440104,1.1614438091134716
enriched in wcl,QRMT,0.009781410853347309,4.529914489937859
enriched in wcl,QPTE,0.00512049173120694,1.5850560441303223
enriched in wcl,WHAK,0.0034458128630114613,1.5913150346020046
enriched in wcl,QCSL,0.029156095896633136,3.459525162046461
enriched in wcl,CVSY,0.014296421553824046,4.459525162046461
enriched in wcl,WGNY,0.029156095896633136,3.459525162046461
enriched in wcl,LCLH,0.012837350976435093,2.137597067159099
enriched in wcl,CKQE,0.029156095896633136,3.459525162046461
enriched in wcl,PAMK,0.00610205768971587,2.995578062286672
enriched in wcl,PCAI,0.00610205768971587,2.769865282658614
enriched in wcl,QCSQ,0.01544052844468632,2.4595251620464644
enriched in wcl,NEIC,0.006434032553782471,2.137597067159099
enriched in wcl,SCYC,0.02836273115197429,4.307522068601411
enriched in wcl,YCAW,0.03742330221535096,4.225059908409438
enriched in wcl,PWFG,0.0300961745119094,1.4177049863518363
enriched in wcl,KNKY,0.029156095896633136,1.6877941497195827
enriched in wcl,WLCI,0.044078045342817784,1.529914489937859
enriched in wcl,KHKR,0.038736601044534094,2.9449519892167046
enriched in wcl,WCPY,0.014296421553824046,4.459525162046461
enriched in wcl,KMRP,0.039772778070623016,1.2406905601232054
enriched in wcl,MSQM,0.009781410853347309,4.529914489937859
enriched in wcl,TCYP,0.0029571103567195664,2.5396955107304464
enriched in wcl,WLSF,0.029156095896633136,1.6877941497195827
enriched in wcl,QSHF,0.029156095896633136,3.459525162046461
enriched in wcl,VYMA,0.022476850812071222,1.722559567880257
enriched in wcl,CHCV,0.014296421553824046,4.459525162046461
enriched in wcl,CHDG,0.03618627150542757,1.652170239988859
enriched in wcl,DYQL,0.0029538476210614144,0.6170664390329428
enriched in wcl,YKER,0.009781410853347309,4.529914489937859
enriched in wcl,RMTM,0.009781410853347309,4.529914489937859
enriched in wcl,CPHA,0.021664966657880286,3.529914489937859
enriched in wcl,KETR,0.005991630214118619,0.8745626613253066
enriched in wcl,PINE,0.014752355846854425,0.8947405432629374
enriched in wcl,CSLS,0.029156095896633136,3.459525162046461
enriched in wcl,CFFA,0.021664966657880286,3.529914489937859
enriched in wcl,HCAR,0.021664966657880286,3.529914489937859
enriched in wcl,ELWI,0.005897190340209957,1.5447724486649754
enriched in wcl,HNGV,0.016477297107448236,2.8380367853001935
enriched in wcl,MFFV,0.014296421553824046,4.459525162046461
enriched in wcl,VYWY,0.02836273115197429,4.307522068601411
enriched in wcl,TQQH,0.04950251340440104,1.2155995791603758
enriched in wcl,CYC,0.02836273115197429,4.307522068601411
enriched in wcl,AIWH,0.03742330221535096,4.225059908409438
enriched in wcl,WITE,0.03817397778493135,3.3855245806026844
enriched in wcl,SGEC,0.032854686478985234,0.908972692111135
enriched in wcl,YGYS,0.02836273115197429,0.9642654642735415
enriched in wcl,CYEW,0.02836273115197429,4.307522068601411
enriched in wcl,PPQN,0.04950251340440104,2.4006314729928953
enriched in wcl,HVLN,0.04422049400325343,1.6156443639637459
enriched in wcl,LCTP,0.004408972744806239,2.640097407688284
enriched in wcl,EMYQ,0.03742330221535096,4.225059908409438
enriched in wcl,APHM,0.02836273115197429,4.307522068601411
enriched in wcl,NWPE,0.02742090778985862,1.9449519892167046
enriched in wcl,YEWL,0.02836273115197429,4.307522068601411
enriched in wcl,FQTM,0.020608121419242037,4.385524580602684
enriched in wcl,ETQQ,0.018588987112755587,0.6906755068604724
enriched in wcl,HFET,0.021664966657880286,3.529914489937859
enriched in wcl,KAWI,0.038736601044534094,2.9449519892167046
enriched in wcl,DVLW,0.03817397778493135,3.3855245806026844
enriched in wcl,FVYW,0.02836273115197429,4.307522068601411
enriched in wcl,EPLD,0.025884032863673426,0.9273793597687572
enriched in wcl,YTEY,0.03742330221535096,4.225059908409438
enriched in wcl,DWKV,0.009781410853347309,4.529914489937859
enriched in wcl,EKDC,0.021664966657880286,3.529914489937859
enriched in wcl,QIYP,0.04298329435131945,1.1162234163665339
enriched in wcl,DQQC,0.029156095896633136,3.459525162046461
enriched in wcl,RMQQ,0.014296421553824046,4.459525162046461
enriched in wcl,MHFA,0.005106446511417683,4.661159023216111
enriched in wcl,SCWQ,0.00354958733876025,4.722559567880257
enriched in wcl,YEFG,0.020608121419242037,4.385524580602684
enriched in wcl,FRPR,0.009781410853347309,4.529914489937859
enriched in wcl,CAWA,0.03742330221535096,4.225059908409438
enriched in wcl,FTPV,0.02236710261875437,2.781453256933826
enriched in wcl,KSYV,6.171805368867691e-05,1.906984139017684
enriched in wcl,GHNV,0.04213153676418691,0.8650712123480098
enriched in wcl,RQHV,0.042327404722607015,1.2751005909090374
enriched in wcl,ICFF,0.021664966657880286,3.529914489937859
enriched in wcl,CSVR,0.014296421553824046,4.459525162046461
enriched in wcl,YNKM,0.030196848250471316,2.091793377545976
enriched in wcl,YCKL,0.008162259142091673,3.2530742845790392
enriched in wcl,CHVR,0.014296421553824046,4.459525162046461
enriched in wcl,MTFM,0.021664966657880286,3.529914489937859
enriched in wcl,KHCE,0.021664966657880286,3.529914489937859
enriched in wcl,KCKQ,0.029156095896633136,3.459525162046461
enriched in wcl,PICF,0.0024501936773235716,2.5781696585450824
enriched in wcl,WLPT,0.015601164012697684,1.0221198497391661
enriched in wcl,DWHR,0.021664966657880286,3.529914489937859
enriched in wcl,MLLC,0.021664966657880286,3.529914489937859
enriched in wcl,VELW,0.0013644495299744582,2.9855939737140496
enriched in wcl,KWFR,0.014296421553824046,4.459525162046461
enriched in wcl,DEPP,0.021664966657880286,3.529914489937859
enriched in wcl,IPWG,0.020042781677650102,2.284438455488374
enriched in wcl,WIRH,0.029156095896633136,3.459525162046461
enriched in wcl,MAIW,0.03742330221535096,4.225059908409438
enriched in wcl,YWYN,0.02836273115197429,4.307522068601411
enriched in wcl,VDRM,0.014296421553824046,4.459525162046461
enriched in wcl,KFAM,0.038736601044534094,2.9449519892167046
enriched in wcl,QTPT,0.039772778070623016,1.2406905601232054
enriched in wcl,QRRQ,0.044078045342817784,0.7452796443803393
enriched in wcl,WPQT,0.029156095896633136,3.459525162046461
enriched in wcl,QNKP,0.049407147175185746,0.5803069849224975
enriched in wcl,LQWT,0.03742330221535096,4.225059908409438
enriched in wcl,HIFM,0.009781410853347309,4.529914489937859
enriched in wcl,WLPI,7.942858780879349e-06,4.529914489937859
enriched in wcl,SCPH,0.021664966657880286,3.529914489937859
enriched in wcl,MISC,0.029156095896633136,3.459525162046461
enriched in wcl,YVKW,0.014296421553824046,4.459525162046461
enriched in wcl,EKFP,0.030094957013539834,0.9301549872886241
enriched in wcl,FHEK,0.029156095896633136,3.459525162046461
enriched in wcl,GQMQ,0.038736601044534094,1.3075220686014148
enriched in wcl,HTSE,0.029744351083676842,1.0357174531398883
enriched in wcl,KDCH,0.014296421553824046,4.459525162046461
enriched in wcl,IQRR,0.02555476844675312,0.9017841300603315
enriched in wcl,WLDW,0.008058434849845673,2.552634566437945
enriched in wcl,WYNQ,0.02836273115197429,4.307522068601411
enriched in wcl,ETRE,0.0027285655134738126,1.111601858626159
enriched in wcl,HIHR,0.0029571103567195664,2.5396955107304464
enriched in wcl,CHIF,0.03817397778493135,2.4595251620464644
enriched in wcl,FSCY,0.02836273115197429,4.307522068601411
enriched in wcl,HQNP,0.0340108007407147,1.2079863950505008
enriched in wcl,DKPW,0.04950251340440104,2.4006314729928953
enriched in wcl,SCEK,0.03474895565795957,0.9923991516191641
enriched in wcl,FMSG,0.007832753945368667,1.0551349069671296
enriched in wcl,RIYR,0.03817397778493135,2.6611590232161113
enriched in wcl,DYKY,0.014296421553824046,4.459525162046461
enriched in wcl,TNKI,0.04633111305620894,0.6881495370944251
enriched in wcl,SQYQ,0.015601164012697684,1.722559567880257
enriched in wcl,INMQ,0.004432111182787161,3.0444876627676187
enriched in wcl,ICQL,0.020251129157293206,0.8338163189819987
enriched in wcl,PDWH,0.021664966657880286,3.529914489937859
enriched in wcl,MYKL,0.029719294536985706,2.722559567880257
enriched in wcl,CATP,0.04950251340440104,2.4006314729928953
enriched in wcl,IMVM,0.021664966657880286,3.529914489937859
enriched in wcl,KLHF,0.04950251340440104,2.4006314729928953
enriched in wcl,WHRA,0.021664966657880286,3.529914489937859
enriched in wcl,FEQH,0.04950251340440104,0.7878510281319748
enriched in wcl,SWLC,0.009781410853347309,4.529914489937859
enriched in wcl,WVKW,0.029156095896633136,3.459525162046461
enriched in wcl,LSWK,0.029156095896633136,3.459525162046461
enriched in wcl,ARDA,0.03742330221535096,0.6858010178701406
enriched in wcl,IYLM,0.021664966657880286,3.529914489937859
enriched in wcl,WLNW,0.021664966657880286,3.529914489937859
enriched in wcl,MNGV,0.04950251340440104,1.6466107146469575
enriched in wcl,FKKM,0.03742330221535096,4.225059908409438
enriched in wcl,GWLS,0.011629492022162994,1.2873441866637805
enriched in wcl,PWAF,0.009781410853347309,4.529914489937859
enriched in wcl,SITW,0.029156095896633136,2.0120661850752413
enriched in wcl,ERCH,0.03322038999843658,2.18822314022907
enriched in wcl,YYSC,0.029156095896633136,3.459525162046461
enriched in wcl,YSCE,0.029156095896633136,3.459525162046461
enriched in wcl,WFRN,0.014296421553824046,4.459525162046461
enriched in wcl,HKTQ,0.0300961745119094,1.4177049863518363
enriched in wcl,IWVV,0.02236710261875437,2.781453256933826
enriched in wcl,WRLT,0.014890318210022338,1.829474771796768
enriched in wcl,LACP,0.00905144604859158,2.177125431345736
enriched in wcl,MVCS,0.021664966657880286,3.529914489937859
enriched in wcl,FDQQ,0.02236710261875437,0.9917462006956477
enriched in wcl,NHIF,0.00449572111812054,1.5682314214889637
enriched in wcl,RCHC,0.014296421553824046,4.459525162046461
enriched in wcl,YPWA,0.009781410853347309,4.529914489937859
enriched in wcl,PHMP,0.02836273115197429,4.307522068601411
enriched in wcl,HEKM,0.04298329435131945,1.1162234163665339
